{"file_hashes":[{"block_hashes":["GwUZwWbZsykYVRKCny6xsy7Tn6wX7WsbeBQLMqlcVe4="],"block_size":4096,"path":"background.js"},{"block_hashes":["TUflPkk96BIodTFZkSuzoEHcgLFbzNlAQJk67ns7Z/8=","2tAFmsPhiwtlMOTSTXdZCVMUMUW3GGEXbGn8OTZBFFc=","wHBF4ZfPOgUfwLPWMGILkN0VsMZCiyk2C8qt9ovDzLk="],"block_size":4096,"path":"content.js"},{"block_hashes":["s/Iuq0UqCGlRkxkWFOaB9jMrDA7vQLydqi/L5LFQUJM="],"block_size":4096,"path":"images/cancel.png"},{"block_hashes":["rnTDH0fM7MPg+nZs3BO/nwoL6saIBj/d3M8oWCUAxtA="],"block_size":4096,"path":"images/search.png"},{"block_hashes":["sj+Az5JxpyzeJN1YtPQbumq65Y/cNBU6XxTrGp0eFLg=","oahYKfGWN5n5hSjHPUCrciCqKIO3ZgTgWm+YdfTPTv4=","yHxDbrb/ZUYBaNbNa7NTHoqEWgUSx2ctnhWTwdeoCzY=","4oS4bpJkaqztboD8IqO25ceX6BLsM3aivz8JleG3ZK4="],"block_size":4096,"path":"images/user-error.png"},{"block_hashes":["2rxJafkE/erafDTngNLvOAM6+/3RJ3TYo1DaftyTp8s=","TPAOxDkaZnmc++LUij8njgfYx35F/UI5SDs9SEkGbL0=","xNmUEk7VQSNX24MTg8UGoz2+/KX5ucpul77O/g8WxcA=","d8o+wz6W2+HCKNawzdvpdOtB1L3MI/cpWM0b54rX//k="],"block_size":4096,"path":"images/user-success.png"},{"block_hashes":["QtwKmShuZ1zvQn35HABNI4mmQUmo6JrdM0nayoNQ/Fs=","l74c8A7GKj32HFODl65Tw88LWSS7a1RoEjcVzAQvpZw=","MJeKEEHGGzl0Ytu2SESlivMeyuyMZsd382M0s50s0xg=","vnkbG1v0lsKhRZF6MLkzM3R3yb6yTqnMul0+B+/+7Pw="],"block_size":4096,"path":"images/user.png"},{"block_hashes":["8g8l+wfNhCohABGQpMAMiiq2/jk03cVLvjuTWLbZD0M="],"block_size":4096,"path":"load.js"},{"block_hashes":["DRN/lshmE6kALYf7F+DGG1ozAtCUYQkgqLKRQwj9r40="],"block_size":4096,"path":"panel.html"},{"block_hashes":["1jVSSjIhUzvEOJFQt6F+WsMFYBJFIAMvvHCZh5vNbSA="],"block_size":4096,"path":"README.md"},{"block_hashes":["g2PvEM17oVtmCJlUnPNjSJYJb4f9hfwiC8Q0NOjcehw="],"block_size":4096,"path":"styles.css"}],"version":2}